ID,Name,Club,Preferred Foot,Position,Nationality,Age,Overall Rank,Potential Rank,Wage in 1000 Euros,Dribbling,Curve,FKAccuracy,Acceleration,SprintSpeed,ShotPower,Stamina,Penalties
158023,L. Messi,FC Barcelona,Left,RF,Argentina,31,94,94,565,97,93,94,91,86,85,72,75
20801,Cristiano Ronaldo,Juventus,Right,ST,Portugal,33,94,94,405,88,81,76,89,91,95,88,85
190871,Neymar Jr,Paris Saint-Germain,Right,LW,Brazil,26,92,93,290,96,88,87,94,90,80,81,81
193080,De Gea,Manchester United,Right,GK,Spain,27,91,93,260,18,21,19,57,58,31,43,40
192985,K. De Bruyne,Manchester City,Right,RCM,Belgium,27,91,92,355,86,85,83,78,76,91,90,79
183277,E. Hazard,Chelsea,Right,LF,Belgium,27,91,91,340,95,83,79,94,88,82,83,86
176580,L. Su�rez,FC Barcelona,Right,RS,Uruguay,31,91,91,455,87,86,84,86,75,86,90,85
155862,Sergio Ramos,Real Madrid,Right,RCB,Spain,32,91,91,380,63,74,72,76,75,79,84,75
182521,T. Kroos,Real Madrid,Right,LCM,Germany,28,90,90,355,81,86,84,64,62,87,75,73
182493,D. God�n,Atletico Madrid,Right,CB,Uruguay,32,90,90,125,53,49,51,68,68,67,66,50
168542,David Silva,Manchester City,Left,LCM,Spain,32,90,90,285,89,82,77,70,64,72,78,75
215914,N. Kant�,Chelsea,Right,LDM,France,27,89,90,225,79,49,49,82,78,71,96,54
211110,P. Dybala,Juventus,Left,LF,Argentina,24,89,94,205,92,88,88,87,83,82,80,86
202126,H. Kane,Tottenham Hotspur,Right,ST,England,24,89,91,205,80,78,68,68,72,88,89,90
194765,A. Griezmann,Atletico Madrid,Left,CAM,France,27,89,90,145,88,84,78,88,85,80,83,79
192448,M. ter Stegen,FC Barcelona,Right,GK,Germany,26,89,92,240,17,18,12,38,50,22,35,25
192119,T. Courtois,Real Madrid,Left,GK,Belgium,26,89,90,240,13,19,20,46,52,36,38,27
189511,Sergio Busquets,FC Barcelona,Right,CDM,Spain,29,89,89,315,80,66,68,50,52,61,86,60
179813,E. Cavani,Paris Saint-Germain,Right,LS,Uruguay,31,89,89,200,80,77,76,75,76,87,92,85
167495,M. Neuer,FC Bayern Munchen,Right,GK,Germany,32,89,89,130,30,14,11,54,60,25,43,47
153079,S. Ag�ero,Manchester City,Right,ST,Argentina,30,89,89,300,89,82,73,88,80,88,76,83
138956,G. Chiellini,Juventus,Left,LCB,Italy,33,89,89,215,58,60,31,63,75,78,65,50
231747,K. Mbapp�,Paris Saint-Germain,Right,RM,France,19,88,95,100,90,77,63,96,96,79,83,70
200145,Casemiro,Real Madrid,Right,CDM,Brazil,26,88,90,285,69,59,74,59,65,86,87,66
198710,J. Rodr�guez,FC Bayern Munchen,Left,LAM,Colombia,26,88,89,315,85,89,86,73,67,86,70,81
197781,Isco,Real Madrid,Right,LW,Spain,26,88,91,315,94,88,76,75,69,69,70,76
189242,Coutinho,FC Barcelona,Right,LW,Brazil,26,88,89,340,91,91,86,89,75,83,79,70
178603,M. Hummels,FC Bayern Munchen,Right,LCB,Germany,29,88,88,160,68,65,53,53,64,71,66,68
176676,Marcelo,Real Madrid,Left,LB,Brazil,30,88,88,285,90,85,67,83,82,83,91,59
167948,H. Lloris,Tottenham Hotspur,Left,GK,France,31,88,88,150,10,11,10,65,62,23,41,40
164240,Thiago Silva,Paris Saint-Germain,Right,RCB,Brazil,33,88,88,165,62,61,64,70,72,71,74,60
1179,G. Buffon,Paris Saint-Germain,Right,GK,Italy,40,88,88,77,26,20,13,49,43,39,39,22
205600,S. Umtiti,FC Barcelona,Left,CB,France,24,87,92,205,69,72,62,71,73,83,78,61
201399,M. Icardi,Inter,Right,ST,Argentina,25,87,90,130,77,58,45,77,78,84,72,82
195864,P. Pogba,Manchester United,Right,RDM,France,25,87,91,210,87,84,82,71,79,90,88,81
192505,R. Lukaku,Manchester United,Left,ST,Belgium,25,87,89,230,80,74,66,77,90,88,84,78
189332,Jordi Alba,FC Barcelona,Left,LB,Spain,29,87,87,250,80,80,63,93,93,64,91,59
172871,J. Vertonghen,Tottenham Hotspur,Left,LCB,Belgium,31,87,87,155,71,58,73,61,65,80,75,66
152729,Piqu�,FC Barcelona,Right,RCB,Spain,31,87,87,240,59,58,43,49,60,62,65,69
222492,L. San�,Manchester City,Left,LW,Germany,22,86,92,195,88,82,68,93,96,86,79,71
218667,Bernardo Silva,Manchester City,Left,RW,Portugal,23,86,91,180,92,83,67,84,74,70,78,68
210257,Ederson,Manchester City,Left,GK,Brazil,24,86,90,125,23,15,20,64,63,42,41,17
203376,V. van Dijk,Liverpool,Right,LCB,Netherlands,26,86,88,165,70,60,70,74,77,81,71,62
202652,R. Sterling,Manchester City,Right,RW,England,23,86,89,195,88,70,63,95,92,73,78,69
201942,Roberto Firmino,Liverpool,Right,CAM,Brazil,26,86,87,195,87,80,65,78,77,81,90,72
201535,R. Varane,Real Madrid,Right,RCB,France,25,86,91,210,57,46,54,83,85,52,73,43
199556,M. Verratti,Paris Saint-Germain,Right,LCM,Italy,25,86,89,135,90,73,64,69,62,56,77,64
191043,Alex Sandro,Juventus,Left,LB,Brazil,27,86,86,160,80,78,59,83,86,80,92,60
190483,Douglas Costa,Juventus,Left,LM,Brazil,27,86,86,175,92,84,78,97,93,86,78,77
189596,T. M�ller,FC Bayern Munchen,Right,CAM,Germany,28,86,86,135,75,81,59,73,75,78,87,60
189509,Thiago,FC Bayern Munchen,Right,CM,Spain,27,86,86,130,90,85,77,78,69,75,75,75
184432,Azpilicueta,Chelsea,Right,RB,Spain,28,86,86,175,69,68,58,76,76,68,87,66
184344,L. Bonucci,Juventus,Right,RCB,Italy,31,86,86,160,69,56,61,57,65,74,71,70
184087,T. Alderweireld,Tottenham Hotspur,Right,RCB,Belgium,29,86,87,150,62,63,69,61,66,78,74,58
176635,M. �zil,Arsenal,Left,CAM,Germany,29,86,86,190,84,84,77,72,69,70,69,67
135507,Fernandinho,Manchester City,Right,CDM,Brazil,33,86,86,185,77,70,72,68,67,83,79,61
220834,Marco Asensio,Real Madrid,Left,RW,Spain,22,85,92,215,86,83,76,85,82,86,76,62
212831,Alisson,Liverpool,Right,GK,Brazil,25,85,90,115,27,19,18,54,45,21,32,23
212622,J. Kimmich,FC Bayern Munchen,Right,RCM,Germany,23,85,88,92,80,81,61,78,68,75,85,44
208421,Sa�l,Atletico Madrid,Left,RCM,Spain,23,85,90,77,83,72,60,74,73,78,86,55
193747,Koke,Atletico Madrid,Right,LM,Spain,26,85,86,88,82,85,76,71,68,84,90,59
193301,A. Lacazette,Arsenal,Right,ST,France,27,85,86,180,85,74,71,81,84,83,79,84
192366,N. Otamendi,Manchester City,Right,CB,Argentina,30,85,85,170,51,50,39,57,61,69,67,45
189513,Parejo,Valencia CF,Right,RCM,Spain,29,85,85,66,78,89,90,51,43,78,78,83
183907,J. Boateng,FC Bayern Munchen,Right,RCB,Germany,29,85,85,115,64,53,31,67,72,78,69,46
179846,S. Khedira,Juventus,Right,RCM,Germany,31,85,85,160,81,68,68,54,60,82,78,69
179844,Diego Costa,Atletico Madrid,Right,LS,Spain,29,85,85,100,77,62,59,74,76,83,76,75
178518,R. Nainggolan,Inter,Right,CAM,Belgium,30,85,85,105,80,73,68,78,73,84,93,63
170890,B. Matuidi,Juventus,Left,LM,France,31,85,85,145,78,65,52,79,77,78,94,56
168609,Miranda,Inter,Right,CB,Brazil,33,85,85,96,67,32,39,66,69,70,65,49
165153,K. Benzema,Real Madrid,Right,ST,France,30,85,85,240,83,79,73,76,76,81,75,82
164169,Filipe Lu�s,Atletico Madrid,Left,LB,Brazil,32,85,85,81,77,74,75,76,75,71,89,65
139720,V. Kompany,Manchester City,Right,CB,Belgium,32,85,85,170,63,61,52,52,59,75,66,63
220793,D. S�nchez,Tottenham Hotspur,Right,RCB,Colombia,22,84,88,105,63,30,27,72,79,66,76,44
216460,J. Gim�nez,Atletico Madrid,Right,RCB,Uruguay,23,84,88,63,47,36,44,69,70,72,67,38
212218,A. Laporte,Manchester City,Left,LCB,France,24,84,88,135,59,61,69,62,66,68,67,44
212190,N. S�le,FC Bayern Munchen,Right,CB,Germany,22,84,90,84,42,28,30,52,84,77,65,32
211300,A. Martial,Manchester United,Right,LW,France,22,84,90,165,87,84,54,88,89,84,75,81
211117,D. Alli,Tottenham Hotspur,Right,LCM,England,22,84,90,115,83,75,68,73,76,78,90,74
209499,Fabinho,Liverpool,Right,CDM,Brazil,24,84,88,120,76,71,53,69,72,78,92,91
207865,Marquinhos,Paris Saint-Germain,Right,LDM,Brazil,24,84,89,90,59,49,32,73,76,53,75,31
205498,Jorginho,Chelsea,Right,CM,Italy,26,84,87,155,82,75,76,75,69,71,79,84
204963,Carvajal,Real Madrid,Right,RB,Spain,26,84,87,185,76,72,47,79,84,64,84,45
198176,S. de Vrij,Inter,Right,CB,Netherlands,26,84,86,88,63,45,16,67,69,65,66,41
198009,M. Perin,Juventus,Right,GK,Italy,25,84,89,105,19,15,13,57,56,23,30,21
193082,J. Cuadrado,Juventus,Right,RAM,Colombia,30,84,84,150,90,78,69,89,93,84,78,65
192563,B. Leno,Arsenal,Right,GK,Germany,26,84,87,115,16,9,8,46,52,23,43,23
188377,K. Walker,Manchester City,Right,RB,England,28,84,84,165,79,76,71,86,93,86,89,63
186942,I. G�ndo?an,Manchester City,Right,CM,Germany,27,84,84,175,85,81,74,67,68,77,69,76
183898,A. Di Mar�a,Paris Saint-Germain,Left,RM,Argentina,30,84,84,125,86,84,82,85,84,83,73,73
180403,Willian,Chelsea,Right,RW,Brazil,29,84,84,175,88,82,83,91,86,79,85,70
178750,Sergio Asenjo,Villarreal CF,Right,GK,Spain,29,84,85,42,15,23,22,59,54,24,41,15
178562,E. Banega,Sevilla FC,Right,CDM,Argentina,30,84,84,31,84,83,81,68,64,74,74,78
137186,A. Barzagli,Juventus,Right,CB,Italy,37,84,84,95,64,50,31,61,77,54,53,60
9014,A. Robben,FC Bayern Munchen,Left,RM,Netherlands,34,84,84,110,89,90,81,83,76,86,64,78
231443,O. Demb�l�,FC Barcelona,Left,RW,France,21,83,92,155,90,78,64,93,92,83,73,75
230666,Gabriel Jesus,Manchester City,Right,ST,Brazil,21,83,92,130,86,76,54,87,85,78,84,78
225850,P. Kimpembe,Paris Saint-Germain,Left,LCB,France,22,83,89,82,58,50,32,75,78,55,80,50
219683,C. Tolisso,FC Bayern Munchen,Right,CM,France,23,83,88,85,77,66,73,75,66,82,87,70
213565,T. Lemar,Atletico Madrid,Left,LM,France,22,83,89,64,85,85,81,86,84,79,79,68
213345,K. Coman,FC Bayern Munchen,Right,LM,France,22,83,87,85,88,84,70,95,93,77,76,70
210008,A. Rabiot,Paris Saint-Germain,Left,CM,France,23,83,87,91,79,73,59,73,74,80,82,69
209658,L. Goretzka,FC Bayern Munchen,Right,CM,Germany,23,83,88,85,81,76,75,84,79,77,86,60
208808,Q. Promes,Sevilla FC,Right,RM,Netherlands,26,83,84,28,84,75,76,90,91,82,83,74
208618,Lucas V�zquez,Real Madrid,Right,RW,Spain,27,83,83,205,82,82,75,84,79,82,90,56
208093,Gerard Moreno,Villarreal CF,Left,LS,Spain,26,83,85,53,78,71,56,77,80,81,72,73
206585,Kepa,Chelsea,Right,GK,Spain,23,83,91,84,10,25,19,34,33,25,37,24
206545,Manu Trigueros,Villarreal CF,Right,RCM,Spain,26,83,84,49,80,80,69,68,65,81,77,65
206113,S. Gnabry,FC Bayern Munchen,Right,ST,Germany,22,83,88,85,87,64,62,92,90,85,68,68
203574,J. Stones,Manchester City,Right,RCB,England,24,83,87,125,69,47,29,67,71,46,79,44
202166,J. Draxler,Paris Saint-Germain,Right,CM,Germany,24,83,86,91,88,78,76,78,77,86,69,63
200949,Lucas Moura,Tottenham Hotspur,Right,RM,Brazil,25,83,84,115,88,69,74,94,90,79,75,74
200724,Nacho Fern�ndez,Real Madrid,Right,CB,Spain,28,83,85,180,55,55,37,70,79,54,78,45
199564,Sergi Roberto,FC Barcelona,Right,RB,Spain,26,83,86,170,78,74,60,78,79,65,85,57
198329,Rodrigo,Valencia CF,Left,ST,Spain,27,83,84,57,82,83,67,88,91,83,78,77
194404,Neto,Valencia CF,Right,GK,Brazil,28,83,84,41,19,12,13,53,49,28,39,22
192638,Marcos Alonso,Chelsea,Left,LB,Spain,27,83,84,130,79,85,86,69,76,84,90,64
179944,David Luiz,Chelsea,Right,LCB,Brazil,31,83,83,130,66,70,76,59,62,79,66,75
178088,Juan Mata,Manchester United,Left,RM,Spain,30,83,83,160,82,84,86,69,62,75,71,81
178086,Ad�n,Atletico Madrid,Left,GK,Spain,31,83,83,55,12,11,12,56,54,25,32,25
177610,Javi Mart�nez,FC Bayern Munchen,Right,CDM,Spain,29,83,83,94,60,46,45,49,53,76,74,52
162895,Cesc F�bregas,Chelsea,Right,CM,Spain,31,83,83,140,79,78,81,56,54,77,56,78
162240,M. Demb�l�,Tottenham Hotspur,Left,CM,Belgium,30,83,83,120,89,65,55,72,72,81,70,63
156616,F. Rib�ry,FC Bayern Munchen,Right,LM,France,35,83,83,72,84,83,81,78,78,75,58,78
235243,M. de Ligt,Ajax,Right,RCB,Netherlands,18,82,91,11,65,48,55,62,72,79,74,40
231866,Rodri,Atletico Madrid,Right,CM,Spain,22,82,87,59,77,65,54,70,66,70,86,46
230658,Arthur,FC Barcelona,Right,LCM,Brazil,21,82,90,125,82,68,60,68,70,76,78,69
227055,Gelson Martins,Atletico Madrid,Right,RM,Portugal,23,82,87,59,85,82,60,95,94,72,87,66
224411,Gon�alo Guedes,Valencia CF,Right,LM,Portugal,21,82,86,36,86,76,70,89,90,81,81,69
223959,L. Torreira,Arsenal,Right,LCM,Uruguay,22,82,87,98,78,66,76,81,74,78,85,48
222737,Malcom,FC Barcelona,Left,RW,Brazil,21,82,89,140,85,77,81,87,82,85,74,68
220814,L. Hern�ndez,Atletico Madrid,Left,LB,France,22,82,88,53,65,53,28,80,84,62,82,34
220440,C. Lenglet,FC Barcelona,Left,LCB,France,23,82,88,135,60,25,27,72,73,58,73,43
212404,F. Bernardeschi,Juventus,Left,RM,Italy,24,82,87,110,86,82,80,83,83,82,80,72
211320,D. Rugani,Juventus,Right,CB,Italy,23,82,86,95,64,45,25,56,67,58,67,36
210514,Jo�o Cancelo,Juventus,Right,RB,Portugal,24,82,88,95,84,83,69,91,91,80,89,46
209297,Fred,Manchester United,Left,CM,Brazil,25,82,84,140,79,70,72,77,79,76,87,65
208830,J. Vardy,Leicester City,Right,ST,England,31,82,82,96,76,60,57,89,91,85,86,81
207494,J. Lingard,Manchester United,Right,CAM,England,25,82,83,140,83,80,63,84,82,80,87,65
207471,F. V�zquez,Sevilla FC,Left,LCM,Argentina,29,82,82,27,86,79,68,58,62,76,61,67
205452,A. R�diger,Chelsea,Right,CB,Germany,25,82,84,110,59,35,56,67,78,70,60,40
203263,H. Maguire,Leicester City,Right,LCB,England,25,82,85,77,70,38,46,39,53,68,68,44
202371,T. Meunier,Paris Saint-Germain,Right,RM,Belgium,26,82,83,87,75,74,56,74,81,77,92,65
201400,Rafinha,FC Barcelona,Left,CAM,Brazil,25,82,87,165,87,75,61,71,70,79,67,67
201305,Gabriel Paulista,Valencia CF,Right,LCB,Brazil,27,82,83,44,60,57,46,71,74,61,72,51
201153,Morata,Chelsea,Right,ST,Spain,25,82,85,135,83,76,44,76,86,80,68,70
199987,J. Cillessen,FC Barcelona,Right,GK,Netherlands,29,82,84,135,12,10,10,54,50,35,40,21
199451,W. Ben Yedder,Sevilla FC,Right,RS,France,27,82,82,28,84,80,76,87,83,79,69,76
198950,Pablo Sarabia,Sevilla FC,Left,RCM,Spain,26,82,83,26,86,84,74,75,76,76,72,69
193469,V�ctor Ruiz,Villarreal CF,Left,LCB,Spain,29,82,83,43,53,67,46,55,59,59,72,46
192227,S. Mustafi,Arsenal,Right,RCB,Germany,26,82,84,115,53,55,47,58,65,66,68,54
189505,Pedro,Chelsea,Right,RW,Spain,30,82,82,140,84,81,57,79,74,77,70,66
186345,K. Trippier,Tottenham Hotspur,Right,RB,England,27,82,82,99,75,87,83,76,75,75,88,66
183711,J. Henderson,Liverpool,Right,RCM,England,28,82,82,125,73,80,74,67,66,77,91,64
181291,G. Wijnaldum,Liverpool,Right,CAM,Netherlands,27,82,82,130,84,76,70,77,76,76,85,74
178509,O. Giroud,Chelsea,Left,ST,France,31,82,82,140,70,70,65,43,50,85,62,83
170481,E. Garay,Valencia CF,Right,RCB,Argentina,31,82,82,44,60,55,74,34,36,80,62,69
165229,L. Koscielny,Arsenal,Right,CB,France,32,82,82,115,62,22,49,64,66,54,62,51
146530,Dani Alves,Paris Saint-Germain,Right,RB,Brazil,35,82,82,62,84,80,74,77,79,86,74,70
231677,M. Rashford,Manchester United,Right,LW,England,20,81,89,110,83,77,78,90,93,87,79,74
228702,F. de Jong,Ajax,Right,LDM,Netherlands,21,81,89,19,86,74,61,74,76,68,74,45
227928,N�lson Semedo,FC Barcelona,Right,RB,Portugal,24,81,86,125,80,61,30,91,92,74,91,38
226456,Pablo Fornals,Villarreal CF,Right,CAM,Spain,22,81,86,36,81,63,60,71,66,75,77,46
222509,Dani Ceballos,Real Madrid,Right,LCM,Spain,21,81,88,120,85,73,63,73,67,64,75,55
216409,M. Politano,Inter,Left,RM,Italy,24,81,84,57,84,77,75,85,84,78,79,70
214997,A. Correa,Atletico Madrid,Right,RM,Argentina,23,81,87,54,87,82,65,87,82,80,74,55
212814,Jo�o M�rio,Inter,Right,CAM,Portugal,25,81,84,71,83,74,67,73,69,76,79,66
210243,Ricardo Pereira,Leicester City,Right,RB,Portugal,24,81,85,64,83,78,45,88,87,67,84,60
207664,C. Bacca,Villarreal CF,Right,LS,Colombia,31,81,81,45,80,69,58,73,75,80,66,80
204884,B. Mendy,Manchester City,Left,LB,France,23,81,86,105,80,80,34,77,86,79,81,50
199715,Vitolo,Atletico Madrid,Right,LM,Spain,28,81,81,65,84,76,62,78,77,77,80,74
193105,A. Areola,Paris Saint-Germain,Right,GK,France,25,81,85,61,12,16,16,54,52,25,28,25
191740,Ander Herrera,Manchester United,Right,CM,Spain,28,81,81,140,77,80,65,75,68,75,87,79
189881,C. Smalling,Manchester United,Right,RCB,England,28,81,82,130,59,49,22,61,74,42,71,52
173221,A. Candreva,Inter,Right,RM,Italy,31,81,81,74,82,74,71,77,78,87,86,83
170368,E. Lamela,Tottenham Hotspur,Left,RM,Argentina,26,81,82,105,86,83,80,76,74,81,78,75
169595,D. Rose,Tottenham Hotspur,Left,LB,England,27,81,81,92,80,64,57,79,78,68,78,57
161956,Borja Valero,Inter,Right,CAM,Spain,33,81,81,74,85,78,76,55,52,72,69,72
138412,J. Milner,Liverpool,Right,CM,England,32,81,81,120,76,81,75,63,62,82,91,83
234153,Carlos Soler,Valencia CF,Right,RM,Spain,21,80,87,31,79,69,82,75,77,77,78,73
234035,Odriozola,Real Madrid,Right,RB,Spain,22,80,88,115,69,69,30,80,82,58,80,62
219985,M. Vecino,Inter,Right,LM,Uruguay,26,80,81,63,84,64,58,74,69,78,81,56
212623,Santi Mina,Valencia CF,Right,LS,Spain,22,80,85,40,81,69,55,77,81,78,75,67
211688,Gay�,Valencia CF,Left,LB,Spain,23,80,85,33,77,80,49,86,87,62,83,52
211256,N. Tagliafico,Ajax,Left,LB,Argentina,25,80,82,20,74,61,40,85,86,66,91,46
208333,E. Can,Juventus,Right,CM,Germany,24,80,85,91,76,68,65,69,73,81,85,60
205988,L. Shaw,Manchester United,Left,LB,England,22,80,85,96,82,63,58,83,85,65,77,53
204529,M. Batshuayi,Valencia CF,Right,ST,Belgium,24,80,84,105,78,66,46,77,76,81,66,67
203747,H�ctor Beller�n,Arsenal,Right,RB,Spain,23,80,85,85,75,63,50,94,91,52,84,62
202335,E. Dier,Tottenham Hotspur,Right,CDM,England,24,80,84,73,65,60,74,62,68,82,78,70
201377,J. Murillo,Valencia CF,Right,LCB,Colombia,26,80,84,38,58,38,26,75,76,68,72,46
199110,L. Muriel,Sevilla FC,Right,ST,Colombia,27,80,81,24,85,77,60,86,89,80,74,74
198784,A. Oxlade-Chamberlain,Liverpool,Right,CM,England,24,80,85,94,84,73,60,84,85,80,82,69
192789,Mario Gaspar,Villarreal CF,Right,RB,Spain,27,80,80,35,73,75,54,76,80,81,77,50
190815,D. Blind,Ajax,Left,LB,Netherlands,28,80,80,22,73,84,62,62,53,68,83,56
190778,J. Zoet,PSV,Right,GK,Netherlands,27,80,83,16,15,13,20,57,45,25,40,27
189805,L. de Jong,PSV,Right,ST,Netherlands,27,80,80,23,66,63,66,53,57,84,83,64
186569,S. Ulreich,FC Bayern Munchen,Right,GK,Germany,29,80,80,61,13,12,15,41,40,24,29,22
184120,Bruno,Villarreal CF,Left,CM,Spain,34,80,80,39,74,72,77,34,31,80,50,75
183427,F. Delph,Manchester City,Left,LB,England,28,80,80,120,77,72,53,75,72,82,87,65
180819,A. Lallana,Liverpool,Right,CM,England,30,80,80,110,84,77,66,70,69,72,77,70
177604,Nacho Monreal,Arsenal,Left,LB,Spain,32,80,80,99,73,74,52,72,67,74,74,61
176600,K. Gameiro,Valencia CF,Right,ST,France,31,80,80,45,75,76,70,86,85,82,75,81
173373,S. Romero,Manchester United,Right,GK,Argentina,31,80,80,91,12,12,13,47,44,14,35,16
171833,D. Sturridge,Liverpool,Left,ST,England,28,80,80,125,79,62,68,72,78,82,55,75
164468,G. Cahill,Chelsea,Right,CB,England,32,80,80,99,56,48,27,42,48,63,61,53
163711,L. Diarra,Paris Saint-Germain,Right,CDM,France,33,80,80,75,73,57,41,69,69,74,85,49
146760,Juanfran,Atletico Madrid,Right,RB,Spain,33,80,80,53,75,80,59,74,86,68,80,66
146562,Santi Cazorla,Villarreal CF,Right,LCM,Spain,33,80,80,39,84,86,78,58,52,77,53,80
146536,Jes�s Navas,Sevilla FC,Right,RM,Spain,32,80,80,22,80,82,46,89,88,75,82,56
236632,David Neres,Ajax,Left,RW,Brazil,21,79,86,18,87,65,52,85,86,72,73,69
231478,L. Mart�nez,Inter,Right,ST,Argentina,20,79,86,54,78,71,33,82,83,79,75,59
228941,Andr� Silva,Sevilla FC,Right,ST,Portugal,22,79,87,84,77,69,33,77,83,76,77,80
226161,Marcos Llorente,Real Madrid,Right,CDM,Spain,23,79,87,110,68,45,51,61,59,58,75,53
225953,S. Bergwijn,PSV,Right,LW,Netherlands,20,79,86,17,87,76,66,87,88,78,74,59
216150,D. Zappacosta,Chelsea,Right,RB,Italy,26,79,81,94,76,74,59,74,79,75,87,59
205192,Denis Su�rez,FC Barcelona,Right,CM,Spain,24,79,86,120,83,82,70,77,77,75,72,63
204277,Roque Mesa,Sevilla FC,Right,CDM,Spain,29,79,79,20,74,46,48,74,75,63,88,42
201862,M. Rojo,Manchester United,Left,CB,Argentina,28,79,79,115,64,67,57,68,69,80,68,64
201510,L. Kurzawa,Paris Saint-Germain,Left,LB,France,25,79,82,68,76,73,53,79,74,69,79,54
199767,M. van Ginkel,Chelsea,Right,CM,Netherlands,25,79,80,98,75,66,69,62,69,79,76,84
199561,Nolito,Sevilla FC,Right,LM,Spain,31,79,79,21,80,82,80,74,70,74,70,74
199304,Danilo,Manchester City,Right,RB,Brazil,26,79,80,110,73,76,76,73,76,85,82,67
199189,R. Barkley,Chelsea,Right,CAM,England,24,79,82,89,85,68,70,69,70,81,69,65
194957,P. Jones,Manchester United,Right,CB,England,26,79,80,110,59,38,35,54,59,68,64,55
193171,Jaume Costa,Villarreal CF,Left,LB,Spain,30,79,79,34,69,67,59,79,81,75,78,56
192679,Escudero,Sevilla FC,Left,LM,Spain,28,79,79,20,68,69,69,72,77,81,83,66
190456,N. Clyne,Liverpool,Right,RB,England,27,79,80,94,76,64,39,77,78,74,76,46
189560,Iborra,Leicester City,Right,CDM,Spain,30,79,79,66,70,66,70,39,35,81,66,73
189271,F. Coquelin,Valencia CF,Right,LCM,France,27,79,80,36,72,55,41,70,72,71,78,52
186132,D. Drinkwater,Chelsea,Right,CM,England,28,79,79,110,75,72,69,63,63,77,77,53
184826,Adrien Silva,Leicester City,Right,CM,Portugal,29,79,79,75,78,79,75,64,57,83,69,85
183892,G. Mercado,Sevilla FC,Right,RCB,Argentina,31,79,79,19,57,68,54,75,75,68,77,49
177644,Kiko Casilla,Real Madrid,Right,GK,Spain,31,79,79,105,12,25,25,32,49,24,43,23
176944,M. Fellaini,Manchester United,Right,CM,Belgium,30,79,79,120,67,64,46,41,48,75,75,64
173426,S. Mignolet,Liverpool,Right,GK,Belgium,30,79,79,76,14,16,12,50,52,45,31,41
152908,A. Young,Manchester United,Right,LB,England,32,79,79,110,77,86,75,77,72,75,75,60
231281,T. Alexander-Arnold,Liverpool,Right,RB,England,19,78,88,36,72,74,74,82,79,70,79,55
229984,B. Chilwell,Leicester City,Left,LB,England,21,78,85,43,76,67,64,81,82,69,84,52
225161,Vallejo,Real Madrid,Right,CB,Spain,21,78,86,81,56,29,31,67,74,49,66,45
225100,J. Gomez,Liverpool,Right,CB,England,21,78,88,61,67,41,29,80,83,41,74,26
212153,R. Gagliardini,Inter,Right,CDM,Italy,24,78,82,46,75,68,38,68,68,76,85,40
208450,Andreas Pereira,Manchester United,Right,CM,Brazil,22,78,84,91,81,80,80,78,74,73,75,70
206058,M. De Sciglio,Juventus,Right,RB,Italy,25,78,81,78,74,75,39,75,79,67,87,49
204259,S. Arias,Atletico Madrid,Right,RB,Colombia,26,78,81,46,74,31,54,84,86,56,90,56
202935,�lvaro,Villarreal CF,Right,RCB,Spain,28,78,79,32,48,47,45,72,73,48,78,36
199577,Sergi Gomez,Sevilla FC,Right,LCB,Spain,26,78,83,17,56,49,46,46,44,45,68,41
189156,Daniel Carri�o,Sevilla FC,Right,CB,Portugal,29,78,78,18,58,39,54,47,54,66,59,62
229636,G. Pereiro,PSV,Left,RM,Uruguay,23,77,82,15,79,72,73,72,75,81,67,70
212755,J. Hendrix,PSV,Left,LCM,Netherlands,23,77,82,13,70,52,45,72,69,72,85,54
220697,J. Maddison,Leicester City,Right,CAM,England,21,77,85,45,77,78,79,77,74,83,67,74
146460,Javi Fuego,Villarreal CF,Right,CDM,Spain,34,77,77,28,62,64,62,53,42,72,69,60
186146,D. Welbeck,Arsenal,Right,LW,England,27,77,77,95,78,61,62,76,83,78,74,70
148803,K. Huntelaar,Ajax,Right,ST,Netherlands,34,77,77,20,62,72,66,50,57,80,53,62
220253,Munir,FC Barcelona,Left,ST,Spain,22,77,83,115,81,70,67,78,80,76,69,66
183394,M. Sissoko,Tottenham Hotspur,Right,CM,France,28,77,77,79,82,75,74,79,81,85,87,60
215399,R�ben Vezo,Valencia CF,Right,CB,Portugal,24,77,83,26,54,59,32,68,68,59,69,54
157304,T. Vermaelen,FC Barcelona,Left,CB,Belgium,32,77,77,110,55,61,64,67,64,78,52,62
183426,D. Schwaab,PSV,Right,RCB,Germany,29,77,77,16,62,55,40,65,72,54,74,55
202884,L. Spinazzola,Juventus,Right,LM,Italy,25,77,80,80,81,62,41,77,83,68,89,59
213135,D. Origi,Liverpool,Right,ST,Belgium,23,77,82,83,76,54,40,76,79,79,65,65
213666,R. Loftus-Cheek,Chelsea,Right,CM,England,22,77,85,76,82,58,57,68,74,64,75,45
230578,M. Diakhaby,Valencia CF,Right,CB,France,21,77,84,22,50,34,26,57,59,45,75,49
221363,D. van de Beek,Ajax,Right,CAM,Netherlands,21,77,83,14,74,66,62,66,65,77,82,55
226229,T. Kehrer,Paris Saint-Germain,Left,RB,Germany,21,77,84,43,63,45,38,74,76,65,74,36
222400,H. Winks,Tottenham Hotspur,Right,CM,England,22,77,85,66,77,71,60,75,70,63,78,51
238794,Vin�cius J�nior,Real Madrid,Right,LW,Brazil,17,77,92,66,81,77,62,92,94,74,79,65
137677,M. Vorm,Tottenham Hotspur,Right,GK,Netherlands,34,77,77,56,18,12,14,53,54,23,36,41
227535,R. Bentancur,Juventus,Right,RCM,Uruguay,21,77,89,62,82,46,49,67,73,63,83,50
201939,C. Piccini,Valencia CF,Right,RB,Italy,25,77,80,29,73,62,37,74,76,68,81,35
220651,Angeli�o,PSV,Left,LB,Spain,21,77,83,11,80,83,75,87,85,80,86,55
199667,R. Funes Mori,Villarreal CF,Left,LCB,Argentina,27,77,78,28,63,49,58,61,68,69,67,52
202493,Aleix Vidal,Sevilla FC,Right,RB,Spain,28,77,77,17,81,69,46,89,93,84,70,51
205566,Alberto Moreno,Liverpool,Left,LB,Spain,25,77,79,76,76,59,40,85,87,80,81,54
205069,Bernat,Paris Saint-Germain,Left,LB,Spain,25,76,77,54,84,76,51,79,78,62,77,53
202515,Jes�,Paris Saint-Germain,Right,LM,Spain,25,76,79,59,81,78,66,85,79,73,61,68
229148,Dalbert,Inter,Left,LB,Brazil,24,76,80,41,78,68,47,91,91,72,80,42
198946,D. D'Ambrosio,Inter,Right,LB,Italy,29,76,76,50,69,63,62,72,72,66,76,60
139062,W. Caballero,Chelsea,Right,GK,Argentina,36,76,76,39,12,23,11,43,46,23,37,16
190531,E. Mangala,Manchester City,Left,CB,France,27,76,78,84,46,47,48,59,67,67,64,48
184392,M. Darmian,Manchester United,Right,LB,Italy,28,76,76,88,74,69,35,73,73,69,75,45
162131,Llorente,Tottenham Hotspur,Right,ST,Spain,33,76,76,76,67,57,40,29,32,79,44,70
183130,M. Albrighton,Leicester City,Right,RM,England,28,76,76,60,77,83,73,77,73,72,83,60
142959,M. Barbosa,Villarreal CF,Right,GK,Argentina,33,76,76,22,15,11,12,42,43,25,41,24
146296,Andr�s Fern�ndez,Villarreal CF,Right,GK,Spain,31,76,76,22,14,24,12,58,55,22,43,21
201858,N. Sansone,Villarreal CF,Right,ST,Italy,26,76,77,32,79,76,69,82,79,80,59,74
208004,J. Veltman,Ajax,Right,RB,Netherlands,26,76,77,16,64,40,34,63,68,60,81,42
233096,D. Dumfries,PSV,Right,RB,Netherlands,22,76,81,13,71,50,50,80,84,66,88,43
182168,A. Ranocchia,Inter,Right,CB,Italy,30,76,76,47,58,30,34,31,39,59,61,34
168607,Rafinha,FC Bayern Munchen,Right,RB,Brazil,32,76,76,53,76,77,58,76,68,58,71,63
206517,J. Grealish,Aston Villa,Right,LCM,England,22,76,84,18,80,71,65,77,72,62,72,58
220604,Jaume,Valencia CF,Right,GK,Spain,27,76,78,23,13,25,13,58,58,42,45,25
231361,J. Gnagnon,Sevilla FC,Right,CB,France,21,76,83,11,56,29,28,66,66,48,65,47
228295,R. Holding,Arsenal,Right,CB,England,22,76,83,64,62,33,30,58,61,48,68,38
220633,D. Gray,Leicester City,Right,LM,England,22,76,83,50,84,70,58,88,87,81,68,58
232411,C. Nkunku,Paris Saint-Germain,Right,CM,France,20,76,84,46,82,77,69,76,75,79,71,65
45595,D. Bonera,Villarreal CF,Right,CB,Italy,37,75,75,18,41,38,29,33,30,60,34,49
210736,Emerson,Chelsea,Left,LB,Italy,23,75,79,61,77,53,71,77,77,80,74,55
219732,G. Nkoudou,Tottenham Hotspur,Right,LM,France,23,75,80,58,79,74,58,89,88,67,64,61
193116,M. Gonalons,Sevilla FC,Right,CDM,France,29,75,75,47,67,57,57,65,55,77,62,68
230767,Renato Sanches,FC Bayern Munchen,Right,CM,Portugal,20,75,84,41,77,59,68,79,77,85,86,68
193440,N. Viergever,PSV,Left,LCB,Netherlands,28,75,75,15,63,45,39,67,73,64,85,48
211382,I. Amadou,Sevilla FC,Right,CDM,France,25,75,80,14,65,34,32,69,73,75,77,51
198861,N. Mendy,Leicester City,Right,RDM,France,26,75,77,50,71,69,54,71,68,62,77,55
228302,Pedraza,Villarreal CF,Left,LM,Spain,22,75,80,24,78,65,57,80,84,78,75,64
226537,V. Janssen,Tottenham Hotspur,Left,ST,Netherlands,24,75,78,64,67,54,39,60,62,83,57,81
177974,A. Aguilar,FC Dallas,Right,CDM,Colombia,33,74,74,7,65,61,62,44,34,71,72,59
241463,Dani Raba,Villarreal CF,Left,RM,Spain,22,74,81,22,77,60,42,75,72,73,69,49
206662,M. Hedges,FC Dallas,Right,RCB,United States,28,74,74,8,44,24,25,60,54,40,82,34
232008,Lato,Valencia CF,Left,LB,Spain,20,74,83,18,71,72,38,82,79,64,75,39
216433,A. El Ghazi,Aston Villa,Right,RM,Netherlands,23,74,80,23,79,75,73,76,82,83,72,63
235134,P. Rosario,PSV,Right,RCM,Netherlands,21,74,82,9,68,34,52,71,73,70,75,58
169600,D. Simpson,Leicester City,Right,RB,England,31,74,74,46,64,44,32,63,54,37,70,54
205186,P. Gazzaniga,Tottenham Hotspur,Right,GK,Argentina,26,74,78,46,20,33,21,63,65,49,45,41
225426,Arana,Sevilla FC,Left,LB,Brazil,21,74,82,10,72,68,49,77,78,69,76,52
231352,T. Abraham,Aston Villa,Right,ST,England,20,74,85,59,68,50,42,71,81,75,65,72
239053,F. Valverde,Real Madrid,Right,CM,Uruguay,19,74,84,46,70,51,48,69,68,77,68,42
53739,L. Grant,Manchester United,Right,GK,England,35,74,74,39,11,17,19,52,46,24,39,20
162297,D. Padelli,Inter,Left,GK,Italy,32,74,74,34,10,13,10,49,39,23,30,22
215083,M. Urruti,FC Dallas,Right,CAM,Argentina,27,73,74,8,71,67,52,77,76,80,84,66
227633,B. Ramselaar,PSV,Right,CAM,Netherlands,22,73,79,11,73,66,57,83,83,66,81,58
241461,Ferr�n Torres,Valencia CF,Right,RM,Spain,18,73,86,12,79,55,46,77,76,66,63,62
221306,M. Barrios,FC Dallas,Right,RM,Colombia,27,73,73,7,72,64,63,94,91,74,79,59
237692,P. Foden,Manchester City,Left,CAM,England,18,73,88,36,73,68,53,78,71,70,70,44
198868,N. Isimat-Mirin,PSV,Right,CB,France,26,73,74,12,36,30,40,59,68,52,66,49
208088,Sergi Samper,FC Barcelona,Right,CDM,Spain,23,73,80,69,63,65,46,55,33,55,65,52
236527,S. C�seres,Villarreal CF,Left,CDM,Argentina,21,73,83,15,65,48,39,67,70,56,77,50
231447,D. Malen,PSV,Right,LW,Netherlands,19,72,83,6,77,58,57,91,87,68,68,60
186139,M. James,Leicester City,Right,CM,England,26,72,72,41,68,68,68,62,53,72,70,52
203038,Lucas Piazon,Chelsea,Right,RW,Brazil,24,72,77,55,72,75,73,70,69,70,66,73
202811,E. Mart�nez,Arsenal,Right,GK,Argentina,25,72,77,40,13,22,20,59,57,18,14,42
216380,D. Sinkgraven,Ajax,Left,LB,Netherlands,22,72,75,10,78,73,65,79,81,63,70,56
231485,A. Tuanzebe,Aston Villa,Right,RCB,England,20,72,83,43,69,45,37,78,79,46,72,50
236610,M. Kean,Juventus,Right,ST,Italy,18,72,87,32,73,62,43,75,79,71,69,65
234574,Diogo Dalot,Manchester United,Right,RB,Portugal,19,72,84,26,73,75,44,73,73,76,79,43
232278,S. Mosquera,FC Dallas,Right,LM,Colombia,23,72,80,6,75,58,46,83,81,66,75,59
163187,R. Lamah,FC Dallas,Left,LM,Belgium,30,72,72,7,72,83,69,85,93,66,78,53
233113,Ale��,FC Barcelona,Left,CM,Spain,20,72,85,58,76,68,59,78,76,66,66,73
189342,C. Pinsoglio,Juventus,Left,GK,Italy,28,72,72,44,18,11,18,43,41,18,34,22
237221,J. Foyth,Tottenham Hotspur,Right,CB,Argentina,20,72,85,33,66,41,47,71,71,56,65,47
101880,R. Green,Chelsea,Right,GK,England,38,72,72,28,14,16,13,46,32,22,26,21
186116,H. Lansbury,Aston Villa,Right,CM,England,27,71,71,13,67,69,70,58,61,70,67,72
234033,Borja Lasso,Sevilla FC,Right,CAM,Spain,24,71,77,9,74,63,64,54,51,74,59,59
224953,Andr� Moreira,Aston Villa,Right,GK,Portugal,22,71,80,17,12,17,15,47,49,22,42,24
241856,Manu Morlanes,Villarreal CF,Right,CM,Spain,19,71,83,9,72,61,71,74,64,62,68,68
236496,M. Guendouzi,Arsenal,Right,CDM,France,19,71,84,20,69,68,55,66,60,69,69,49
225782,A. Maitland-Niles,Arsenal,Right,CM,England,20,71,84,38,73,60,36,82,85,65,69,54
225539,D. Solanke,Liverpool,Right,ST,England,20,70,84,37,73,54,42,67,70,73,65,71
227903,M. Romero,PSV,Right,ST,Argentina,19,70,85,5,64,44,42,75,77,74,67,59
240740,C. Hudson-Odoi,Chelsea,Right,LW,England,17,70,87,25,77,63,64,86,84,60,57,55
241509,Mauro J�nior,PSV,Left,CAM,Brazil,19,70,82,4,72,65,74,82,78,60,61,55
241852,M. Diaby,Paris Saint-Germain,Left,RW,France,18,70,85,19,74,60,41,87,87,71,57,42
241854,P. Schuurs,Ajax,Right,CB,Netherlands,18,70,82,4,60,66,71,65,68,83,69,37
234203,C. Eiting,Ajax,Left,CM,Netherlands,20,70,79,7,68,67,64,64,66,69,72,56
162054,M. Bunn,Aston Villa,Right,GK,England,33,69,69,7,16,13,16,48,46,27,33,44
227927,K. Walker-Peters,Tottenham Hotspur,Right,RB,England,21,69,80,21,69,50,31,77,72,31,66,32
241496,T. Weah,Paris Saint-Germain,Right,LM,United States,18,69,85,16,69,63,41,83,83,70,59,60
242816,Riqui Puig,FC Barcelona,Right,CM,Spain,18,69,89,24,70,57,51,63,66,60,53,55
200841,C. Jenkinson,Arsenal,Right,RB,England,26,69,71,34,67,60,52,58,73,72,64,49
234679,P. Sandler,Manchester City,Right,CB,Netherlands,21,69,81,28,71,62,70,66,67,63,61,46
228332,H. Choudhury,Leicester City,Right,CDM,England,20,69,80,17,61,45,48,68,65,69,67,55
231410,Brahim D�az,Manchester City,Right,LW,Spain,18,69,86,24,76,62,47,78,71,70,58,58
239378,K. Sierhuis,Ajax,Right,ST,Netherlands,20,68,78,6,55,59,52,55,64,75,74,70
241941,S. Nsoki,Paris Saint-Germain,Left,LB,France,19,68,84,10,65,48,31,73,75,42,59,37
245279,Reguil�n,Real Madrid,Left,LB,Spain,21,68,80,28,63,50,39,74,72,54,72,42
234790,Soriano,Sevilla FC,Left,GK,Spain,20,68,77,3,20,32,24,34,34,31,35,28
242489,Peji�o,Sevilla FC,Left,LM,Spain,21,68,77,5,73,67,56,76,69,59,62,48
209722,Marquinhos Pedroso,FC Dallas,Left,LB,Brazil,24,68,73,3,67,55,38,78,81,36,78,46
222576,Pleguezuelo,Arsenal,Right,CB,Spain,21,68,77,21,66,40,44,71,70,38,61,43
237000,R. Cannon,FC Dallas,Right,RB,United States,20,68,80,2,66,58,21,85,86,48,82,33
169721,M. Richards,Aston Villa,Right,CB,England,30,68,68,8,59,45,32,64,68,60,32,53
241179,Cristian Rivero,Valencia CF,Right,GK,Spain,20,67,79,5,8,11,14,20,29,16,20,18
231733,Curro S�nchez,Sevilla FC,Left,LM,Spain,22,67,74,5,67,74,65,72,67,48,64,56
219715,R. Di Gennaro,Inter,Right,GK,Italy,24,67,70,11,18,12,17,40,46,22,39,25
222535,L. Orejuela,Ajax,Right,RB,Colombia,22,67,73,5,66,42,33,78,82,63,80,35
236615,D. Rigo,PSV,Right,CM,Belgium,19,67,80,3,70,68,57,65,62,65,51,55
240507,A. Gomes,Manchester United,Right,CAM,England,17,67,87,15,68,65,68,75,69,61,57,66
239249,Oriol Busquets,FC Barcelona,Right,CDM,Spain,19,67,82,14,63,46,42,58,57,56,74,42
239250,Abel Ruiz,FC Barcelona,Right,ST,Spain,18,67,83,21,65,41,48,69,70,64,68,64
213736,J. Gonzalez,FC Dallas,Right,GK,United States,23,67,77,2,13,13,12,41,43,24,30,23
245238,Javi S�nchez,Real Madrid,Right,CB,Spain,21,67,79,24,34,27,34,55,64,38,68,38
239361,D. de Wit,Ajax,Right,CM,Netherlands,20,66,75,4,63,54,53,65,67,72,74,58
224019,Pedro Chirivella,Liverpool,Right,CM,Spain,21,66,75,17,65,55,48,63,66,62,74,49
240915,Miranda,FC Barcelona,Left,LB,Spain,18,66,81,12,62,56,37,65,69,49,69,44
245035,C. Gomes,Manchester City,Right,CDM,France,17,66,84,10,60,59,51,76,71,63,62,54
221488,R. Hollingshead,FC Dallas,Right,LB,United States,27,66,67,2,67,59,39,55,65,76,68,49
224566,Carlos Blanco,Villarreal CF,Right,CB,Spain,22,66,74,7,47,40,30,41,39,70,54,38
231749,Miguel�n,Villarreal CF,Right,RB,Spain,22,66,75,7,55,31,27,71,66,26,70,35
225105,Cristo Gonzalez,Real Madrid,Right,ST,Spain,20,66,78,26,69,64,50,73,70,65,63,54
240859,Berrocal,Sevilla FC,Right,CB,Spain,18,66,80,2,39,31,35,63,62,54,66,49
240860,Jose Lara,Sevilla FC,Left,RM,Spain,18,66,81,2,68,57,49,72,74,62,51,61
229865,�scar Pinchi,Atletico Madrid,Right,LM,Spain,22,66,77,11,69,61,44,69,69,65,48,47
235266,C. Fr�chtl,FC Bayern Munchen,Left,GK,Germany,18,65,86,3,13,15,14,25,23,29,19,13
239368,M. Bakker,Ajax,Left,LB,Netherlands,18,65,79,2,63,42,40,76,79,44,62,48
239380,N. Lang,Ajax,Right,LW,Netherlands,19,65,77,3,71,56,57,73,76,67,72,68
233510,T. Chong,Manchester United,Left,RW,Netherlands,18,65,85,13,68,67,60,78,77,60,63,44
243249,J. Ekkelenkamp,Ajax,Right,CM,Netherlands,18,65,78,2,64,54,48,65,65,62,61,55
232250,L. Amos,Tottenham Hotspur,Left,CM,England,21,65,79,13,61,54,48,59,64,57,72,45
241467,F. Feuillassier,Real Madrid,Right,LW,Argentina,20,65,80,23,70,44,45,68,68,72,62,50
231743,K. Davis,Aston Villa,Right,ST,England,20,65,76,4,72,45,37,68,72,62,68,47
246608,Fidalgo,Real Madrid,Right,CM,Spain,21,65,75,20,68,62,53,65,63,54,64,49
216699,G. Zelalem,Arsenal,Right,CM,United States,21,65,75,15,64,65,54,65,56,51,60,56
237698,C. Gribbin,Manchester United,Left,CAM,England,19,65,80,11,69,64,72,70,68,65,65,56
241810,Chumi,FC Barcelona,Right,CB,Spain,19,65,82,11,50,34,36,57,61,47,62,50
243627,Y. Adli,Paris Saint-Germain,Right,CM,France,17,65,84,7,74,60,50,62,61,67,59,55
222156,J. Bree,Aston Villa,Right,RB,England,20,65,77,3,60,40,33,70,69,54,66,43
237522,Jorge Cuenca,FC Barcelona,Left,CB,Spain,18,65,78,11,29,29,26,57,61,55,66,44
237032,Javi Jim�nez,Valencia CF,Right,CB,Spain,21,65,73,5,32,32,29,53,51,41,51,46
241171,A. Obispo,PSV,Left,CB,Netherlands,19,64,78,1,37,32,41,74,76,51,58,39
54037,T. Berni,Inter,Right,GK,Italy,35,64,64,5,8,14,13,29,29,16,26,20
245287,Sergio L�pez,Real Madrid,Right,RB,Spain,19,64,80,9,64,57,41,78,79,63,61,43
234795,A. Bernede,Paris Saint-Germain,Left,CAM,France,19,64,75,6,66,59,58,65,57,62,48,59
241470,Alex Centelles,Valencia CF,Left,LB,Spain,18,64,77,3,66,65,41,60,70,58,64,48
246599,Guillem Jaime,FC Barcelona,Right,RW,Spain,19,64,80,13,71,59,46,69,68,64,62,49
202570,J. Maurer,FC Dallas,Right,GK,United States,29,64,64,2,13,15,12,32,36,26,34,14
243275,L. Mai,FC Bayern Munchen,Right,CB,Germany,18,64,84,5,39,34,32,54,54,48,64,41
246606,Fran Garcia,Real Madrid,Left,LB,Spain,18,64,79,9,62,55,36,79,79,47,66,39
237139,T. Oakley-Boothe,Tottenham Hotspur,Right,CM,England,18,64,81,7,60,56,55,63,67,44,65,52
241497,C. Dagba,Paris Saint-Germain,Right,RB,France,19,64,79,5,64,50,41,76,78,43,58,38
237160,R. Williams,Manchester United,Right,CB,England,19,64,79,8,51,35,36,72,74,43,41,49
203898,K. Rimane,Paris Saint-Germain,Right,CB,France,27,64,66,12,50,48,48,65,64,49,60,45
244106,Pascu,Valencia CF,Right,CM,Spain,18,64,82,3,62,59,46,63,66,64,54,49
240273,E. Smith Rowe,Arsenal,Right,LW,England,17,64,85,10,67,67,58,78,79,69,61,64
239506,S. Hughes,Leicester City,Right,CB,England,21,64,75,8,42,35,34,52,56,42,50,45
241042,O. Skipp,Tottenham Hotspur,Right,CDM,England,17,64,83,6,57,48,42,66,65,55,74,54
237218,J. Hayes,FC Dallas,Right,CM,United States,23,64,72,2,65,50,44,71,71,52,68,43
236727,Jose Mena,Sevilla FC,Right,CDM,Spain,20,64,76,2,54,51,55,64,59,57,51,53
236988,E. Nketiah,Arsenal,Right,ST,England,19,64,84,10,65,43,38,87,82,60,54,57
243652,Borja Garcis,Atletico Madrid,Right,ST,Spain,18,64,83,5,60,46,38,68,67,72,55,63
244938,Montero,Atletico Madrid,Left,CB,Spain,19,64,83,4,44,33,25,58,63,37,63,40
243155,Manu Hernando,Real Madrid,Right,CB,Spain,19,64,76,9,56,44,39,61,63,47,66,42
245764,Ricardo Campos,Valencia CF,Right,RM,Portugal,18,63,79,7,64,60,49,72,75,54,54,47
246276,Joaquin,Atletico Madrid,Left,LM,Spain,19,63,76,4,64,44,37,72,75,55,63,48
244024,O. Batista Meier,FC Bayern Munchen,Right,LM,Germany,17,63,83,5,74,52,45,76,73,54,59,58
229194,A. Georgen,Paris Saint-Germain,Right,RB,France,19,63,80,5,65,45,46,75,75,56,55,48
242516,C. Gakpo,PSV,Right,LW,Netherlands,19,63,78,2,73,49,44,74,76,60,50,59
238446,Tachi,Atletico Madrid,Right,CB,Spain,20,63,78,5,40,30,28,60,65,41,55,30
237169,C. Bramall,Arsenal,Left,LB,England,22,63,70,12,63,48,44,88,88,55,64,34
225395,Ezkieta,FC Barcelona,Right,GK,Spain,21,63,75,10,17,16,19,41,49,26,41,24
243315,Dani Gomez,Real Madrid,Right,ST,Spain,19,63,77,12,60,41,45,66,65,59,51,57
240510,J. Bohui,Manchester United,Right,ST,England,19,63,76,10,62,48,42,75,78,59,62,64
243080,Carlos Isaac,Atletico Madrid,Right,RB,Spain,20,63,76,5,55,30,35,64,69,26,69,34
243357,F. Evina,FC Bayern Munchen,Right,LM,Germany,17,63,81,5,67,57,63,79,77,68,65,59
234152,Sito,Valencia CF,Left,LM,Spain,21,63,69,4,70,70,59,58,55,65,45,58
241588,Toni Moya,Atletico Madrid,Right,CM,Spain,20,63,79,6,64,44,47,66,65,52,51,51
235970,Mario Gonzalez,Villarreal CF,Right,LW,Spain,22,63,71,5,66,42,38,68,70,52,50,39
235999,L. Garcia,Sevilla FC,Right,GK,Colombia,20,63,72,2,18,29,13,51,55,42,45,20
238049,P. Pomykal,FC Dallas,Left,RM,United States,18,63,78,1,65,44,51,74,70,57,59,60
246281,Emilio Bernad,Valencia CF,Right,GK,Spain,18,62,76,1,10,13,12,42,40,15,25,15
224018,Rub�n Mesa,Villarreal CF,Right,ST,Spain,26,62,65,5,59,42,43,62,52,63,63,73
242980,M. Shabani,FC Bayern Munchen,Right,CAM,Germany,19,62,75,5,66,48,46,66,62,57,49,52
235051,D. Johnson,Leicester City,Right,CB,England,19,62,78,4,58,35,29,64,61,49,61,33
245037,Eric Garcia,Manchester City,Right,CB,Spain,17,62,82,6,51,51,31,56,56,51,49,44
246061,A. Solano,Atletico Madrid,Right,RB,Colombia,20,62,72,5,60,41,34,67,66,49,63,40
242242,S. Cibois,Paris Saint-Germain,Right,GK,France,20,62,79,5,11,14,10,36,30,19,28,15
235076,L. Ndukwu,Leicester City,Left,RM,England,19,62,77,5,68,47,51,76,70,57,64,40
236649,Y. van Osch,PSV,Right,GK,Netherlands,21,62,74,1,13,12,15,39,46,39,27,24
238460,R. Brewster,Liverpool,Right,ST,England,18,62,84,8,60,41,50,78,76,54,57,55
237213,J. Knight,Leicester City,Right,CB,England,20,62,75,6,35,40,37,46,54,47,59,41
215725,Quinti,Villarreal CF,Left,LB,Spain,21,62,69,3,43,45,36,68,69,33,58,48
240311,L. Zidane,Real Madrid,Right,GK,France,20,62,71,9,10,14,11,33,32,15,38,19
237772,M. Verreth,PSV,Right,RW,Belgium,20,62,72,2,68,57,53,79,77,64,60,58
245714,Alex Blanco,Valencia CF,Left,LM,Spain,19,62,75,3,63,54,45,69,67,66,54,54
223963,C. Humphreys-Grant,Manchester City,Right,CB,England,19,62,77,6,45,33,35,65,66,44,65,40
245211,J. Teze,PSV,Right,RB,Netherlands,18,62,80,1,59,42,38,74,80,60,53,36
245491,P. Beruatto,Juventus,Left,LB,Italy,19,62,78,5,52,41,40,63,67,57,54,43
242434,C. Jones,Liverpool,Right,CM,England,17,61,82,7,65,54,47,64,63,60,53,50
237329,J. Willock,Arsenal,Right,CM,England,18,61,79,7,62,51,46,68,74,58,63,47
240926,N. Phillips,Liverpool,Right,CB,England,21,61,74,9,33,29,35,52,52,45,59,45
228148,R. Hepburn-Murphy,Aston Villa,Right,ST,England,19,61,75,2,67,42,43,77,77,62,66,63
246352,Guillaman,Valencia CF,Right,CB,Spain,18,61,81,2,45,36,29,52,62,41,48,34
233051,L. Bolton,Manchester City,Right,RM,England,18,61,79,7,57,61,39,82,78,56,54,56
243308,Alex Dos Santos,Atletico Madrid,Right,GK,Brazil,19,61,75,2,11,11,12,22,21,13,45,15
245100,M. Awoudja,FC Bayern Munchen,Right,CB,Germany,20,61,72,6,34,28,32,66,68,46,63,42
243055,Rafael Camacho,Liverpool,Right,CAM,Portugal,18,61,81,7,63,56,47,69,68,57,41,55
246127,P. Will,FC Bayern Munchen,Left,CM,Germany,19,61,77,5,60,48,49,58,62,60,59,48
246139,Iaaki Penya,FC Barcelona,Right,GK,Spain,19,61,78,4,12,12,12,33,28,24,27,17
236940,Dario Poveda,Atletico Madrid,Right,ST,Spain,21,61,71,6,61,40,51,61,57,57,55,55
224164,Roger Riera,Villarreal CF,Right,CB,Spain,23,61,68,4,46,33,28,40,54,50,40,43
236239,A. Whiteman,Tottenham Hotspur,Right,GK,England,19,61,75,3,12,12,10,34,28,17,26,11
228053,S. Harrison,Tottenham Hotspur,Left,ST,England,20,61,72,10,61,42,27,75,73,57,63,63
235736,K. Sterling,Tottenham Hotspur,Right,ST,England,19,61,75,7,57,53,58,77,75,61,48,55
240873,Genaro,Sevilla FC,Right,CM,Spain,20,61,71,2,59,43,46,67,67,69,60,54
238075,M. Taylor-Crossdale,Chelsea,Right,ST,England,18,61,79,8,65,56,37,65,72,70,50,69
240906,B. Adekanye,Liverpool,Left,RW,Netherlands,19,60,80,7,64,49,44,75,73,63,55,52
240334,Z. Medley,Arsenal,Right,CB,England,17,60,78,5,34,34,29,54,49,41,58,43
241632,B. Garry,Manchester City,Left,LW,Argentina,17,60,78,7,65,50,59,74,70,59,60,58
245986,Cristian Rodriguez,Atletico Madrid,Right,CAM,Spain,22,60,70,5,59,49,42,59,58,57,57,52
241160,G. McEachran,Chelsea,Left,CAM,England,17,59,81,6,58,58,53,64,60,47,54,50
243514,J. Meier,FC Bayern Munchen,Left,LB,Germany,18,59,75,3,54,43,39,65,58,38,63,33
242085,M. Virtue,Liverpool,Right,CDM,England,21,59,71,8,54,41,42,70,68,63,56,56
240559,Obama,Atletico Madrid,Right,ST,Spain,18,59,79,4,62,43,42,66,59,60,51,65
242902,K. Reaves,FC Dallas,Right,CB,United States,22,59,68,1,33,26,24,58,61,36,63,33
238058,C. O'Hare,Aston Villa,Right,CAM,England,20,59,74,2,62,40,31,78,74,54,63,62
245999,Mollejo,Atletico Madrid,Left,RW,Spain,17,59,79,4,62,57,46,74,72,58,48,53
241159,M. Guehi,Chelsea,Right,CB,England,17,58,78,4,34,29,32,58,60,49,56,34
233442,J. Osei-Tutu,Arsenal,Right,RB,England,19,58,74,4,50,43,34,74,78,33,65,42
233048,T. Dele-Bashiru,Manchester City,Right,CM,England,18,57,76,6,59,42,49,70,71,53,59,55
245033,T. Roberts,FC Dallas,Left,CAM,United States,17,56,75,1,57,47,39,69,71,41,49,50
241859,R. Hoffmann,FC Bayern Munchen,Right,GK,Germany,19,56,74,2,9,12,11,23,27,22,14,10
213535,K. Zobeck,FC Dallas,Right,GK,United States,28,55,55,1,20,19,18,45,41,25,21,29
242903,J. Cano,FC Dallas,Right,RB,United States,22,55,64,1,48,41,39,66,57,34,55,41
241487,J. Ferreira,FC Dallas,Right,ST,Colombia,17,54,76,1,55,31,27,71,69,51,45,57
224947,D. Grimshaw,Manchester City,Right,GK,England,20,54,68,6,20,22,14,44,47,21,42,22
242302,B. Servania,FC Dallas,Right,CAM,United States,19,53,70,1,51,51,48,66,55,41,40,45
246454,D. Revan,Aston Villa,Left,CB,England,17,53,72,1,33,30,24,64,61,34,56,33
242907,B. Reynolds,FC Dallas,Right,ST,United States,17,51,73,1,41,32,24,49,47,49,50,54